job_title,job_title_category
ML Engineer-AI/ML,AI/ML
Ai/ML Engineer,AI/ML
Machine Learning Engineer,Machine Learning Engineer
Lead ML Engineer,Machine Learning Engineer
ML Engineer - Customer Insights & Market Intelligence,Machine Learning Engineer
Machine Learning Research Engineer,Machine Learning Engineer
"Scientist I, Machine Learning",Machine Learning Engineer
Machine Learning Engineer - Efficient Machine Learning,Machine Learning Engineer
AI Software Engineer,AI/ML
Full-Stack Engineer with ML/AI Experience,AI/ML
Machine Learning Engineer (LLM),Machine Learning Engineer
ML Engineer,AI/ML
AI ML Cloud Engineer,AI/ML
Machine Learning Engineer - New Verticals,Machine Learning Engineer
AI / ML Engineer,AI/ML
Software Engineer - Machine Learning and Cloud Applications,Machine Learning Engineer
Modeling Engineer 4,Machine Learning Engineer
Staff Machine Learning Engineer,Machine Learning Engineer
"Software Engineer, UI Systems Team",Others
Python Machine Learning Engineer,Machine Learning Engineer
MLOps Engineer,AI/ML
Machine Learning (ML) Engineer (US Hybrid),Machine Learning Engineer
Generative AI Data Scientist,AI/ML
Senior AI/ML Engineer,AI/ML
GEN AI data scientist ( Remote),AI/ML
Machine Learning Engineer - Platform,Machine Learning Engineer
"Python and Kubernetes Software Engineer - Data, AI/ML & Analytics",AI/ML
Machine Learning Engineer 2,Machine Learning Engineer
AI Machine Learning Engineer,AI/ML
Machine Learning Engineer - Applied AI,Machine Learning Engineer
Artificial Intelligence Engineer,AI/ML
Machine Learning (Pre-Sales) Solutions Engineer,Machine Learning Engineer
ML Research Engineer (New Grad),Machine Learning Engineer
Junior Data Analyst - (Entry Level),Data Analyst
Product Data Analyst,Data Analyst
Data Analyst (ENTRY LEVEL),Data Analyst
Junior Data Scientist - Remote,Data Scientist
Data Analyst - Junior,Data Analyst
Artificial Intelligence Research Scientist (Gen AI - Multimodal Learning),AI/ML
Stay-at-home Parent - AI Side Hustles,AI/ML
Expression Of Interest,Others
Jr. Data Analyst (Remote),Data Analyst
Director of AI,AI/ML
Gen AI Engineer (Data Analyst- San Francisco) - Onsite,Data Analyst
"Research Scientist, Gen AI/ML, Computational Photography",AI/ML
Entry/Junior Data Analyst - Remote,Data Analyst
Entry Level Python Developer (Remote),Data Analyst
Data Analyst - Entry Level,Data Analyst
Junior Data Scientist/Engineer,Data Scientist
Data Scientist,Data Scientist
Junior Data Scientist/Analyst (Remote),Data Scientist
"Data Scientist, Gen AI",AI/ML
Entry/Junior Level Data Scientist/Python Programmer,Data Scientist
Remote Data Scientist - Junior/Entry,Data Scientist
Head of Growth,Others
Entry Level Business/Data Analyst,Data Analyst
Data Analyst/Engineer - Entry/Junior,Data Analyst
entry level Java full stack developer with devops/Entry level data scientist with python,Data Scientist
"Entry Level Industrial Engineer, application via RippleMatch",Others
Junior/Entry Data Analyst,Data Analyst
Associate Creative Director - Art,Others
"AWS Architect with Java, Spring Boot exp",Data Architect
"Software Engineer, Gen AI/ML, Computational Photography",AI/ML
"Director, Data Science",Data Scientist
Data Analyst (Remote),Data Analyst
Junior Data Scientist (Remote),Data Scientist
"Entry Level Data Analyst, application via RippleMatch",Data Analyst
Google Cloud Director AI,AI/ML
"Market Research Analyst, application via RippleMatch",Data Analyst
Entry Level Data Analyst,Data Analyst
Software Developer - Junior,Others
Advanced AI Research Scientist Associate Manager,AI/ML
Cell Operator,Others
Automation Maintenance Manager,Others
Automation Maintenance Technician (All Levels),Others
"Principal AI Architect - Telecom, Media & Tech (TMT) - Senior Manager - Consulting - Location Open",Data Architect
Enterprise Tech - Tech Lead - Gen AI Solutions,AI/ML
Data Architect,Data Architect
Data Infra & Governance Architect,Data Architect
Solutions Architect - Startups,Data Architect
"Senior Data Scientist, Analytics - User Lifecycle",Data Scientist
Big Data Architect,Data Architect
Senior Data Architect,Data Architect
"Senior Architect, Data Analytics /AI-ML",AI/ML
Solutions Architect,Data Architect
"Solutions Architect, Data Center Infrastructure",Data Architect
Azure Data Architect,Data Architect
"Data Center Systems Architect, Sustainability",Data Architect
Senior Solution Architect,Data Architect
"Solutions Architect, AI Infrastructure",Data Architect
EPM Platform Architect & Lead,Data Architect
IT Solutions Architect,Data Architect
Data Architect / Data Manager / Product Owner,Data Architect
"IT Architect, Sr Staff (Data Center Solutions Architect)",Data Architect
"IT Architect, Sr Staff",Data Architect
Data Architect (Cleared),Data Architect
Director Cloud Architecture,Data Architect
Principal Enterprise Data Architect,Data Architect
Cloud Data Solution Architect,Data Architect
Senior Data Platform Architect,Data Architect
"VP, Enterprise Architecture",Data Architect
Solutions Architect - Emerging Enterprise,Data Architect
Research Analyst,Data Analyst
"Quantitative User Experience Researcher, Early Career 2024",Others
"Research Data Analyst (Hybrid Opportunity, 2 Year Fixed Term)",Data Analyst
"Quantitative Marketing Analyst, Google, Search Marketing",Data Analyst
Research Analyst II,Data Analyst
"Quantitative UX Researcher, YouTube Ads",Others
Junior Quantitative Trader,Others
Business Analyst,Business Analyst
Research Data Analyst 1,Data Analyst
Financial Quantitative Analyst,Data Analyst
Mixed Method Researcher (Quantitative focus) - Remote,Others
"Business Analyst, Data Center Planning Delivery (AMER)",Business Analyst
Quantitative Researcher - Hedge Fund,Others
Quantitative Researcher - Full-Time Campus Hire,Others
"Research Analyst, Wharton Real Estate Center",Data Analyst
Quantitative Sports Researcher – Graduate Hire,AI/ML
Quantitative Trading Analyst,Data Analyst
Quantitative Researcher - Futures,Others
"Research Analyst II, Center for Advanced Hindsight",Data Analyst
SENIOR RESEARCH ADMINISTRATION BUSINESS PROCESS ANALYST,Business Analyst
"Research Admin Business Process Analyst, Sr",Business Analyst
Market Research Analyst,Data Analyst
Quantitative Associate,Others
Quantitative Analyst (Staff / Sr Staff) - Power Markets,Data Analyst
Data Analytics Engineer,Data Analyst
Senior Data Engineer,Data Engineer
Data Engineer,Data Engineer
"Data Engineer, Product",Data Engineer
Staff Data Engineer - Data Science,Data Engineer
"Data Engineer, Analytics",Data Engineer
Analytics Engineer (L4) - Finance,Data Analyst
Data Engineer (L5) - Games,Data Engineer
Data Engineer II,Data Engineer
Data/BI Engineer,Data Analyst
Data Engineer for Data Platform,Data Engineer
"Data Engineer, Amazon Smart Vehicles",Data Engineer
Data Engineer (L5) - Product (Device),Data Engineer
Data Visualization Engineer (L4) - Content & Studio,Data Analyst
Data Engineer (L5) - Product,Data Engineer
Data Engineer (Entry Level),Data Engineer
Entry Data Engineer,Data Engineer
"Data Engineer, Finance",Data Engineer
Data Engineer I/II,Data Engineer
Data Engineer II - Fandango,Data Engineer
"Data Engineer - Cloud, Sql",Data Engineer
Junior Data Analyst/Engineer,Data Analyst
"Data Engineer, Global Sales Activation, Go-To-Market",Data Engineer
"Data Engineer I, Professional Services, Google Cloud",Data Engineer
Python Developer / Data Engineer,Data Engineer
Senior Data Engineer (Cloud),Data Engineer
Data Engineer - Chicago,Data Engineer
Data Engineer with DBT,Data Engineer
AWS Big Data Engineer,Data Engineer
Entry Level Data Analyst (REMOTE),Data Analyst
Junior Data Analyst/Engineer/Scientist - Remote,Data Analyst
Data Engineer 4,Data Engineer
Data Engineers,Data Engineer
Data/Analytics Engineer,Data Analyst
Sr. Data Engineer,Data Engineer
Python Data Engineer + GCP,Data Engineer
Software Engineer - New College Graduate,Others
"Data Engineer, ETL, Senior",Data Engineer
"Business Intelligence Engineer, Amazon",Data Analyst
Applied Machine Learning Engineer - Causal Inference Recommendation,Machine Learning Engineer
Staff Software Engineer - Data Applications,Data Analyst
Machine Learning Engineer - Delivery Excellence,Machine Learning Engineer
"Data Engineer, Marketing & Sales",Data Engineer
Data Analyst/Engineer - Junior,Data Analyst
Junior/Entry Data Engineer (Remote),Data Engineer
"Data Engineer - Hybrid - (Python, SQL, R programming)",Data Engineer
Data Science Engineer,Data Scientist
Data / BI Engineer,Data Analyst
Data Engineer - Remote,Data Engineer
Sr Data/ML Engineer,AI/ML
Mid-level Data Engineer,Data Engineer
Senior Data Engineer - AI Platform,Data Engineer
Azure Databricks - Data Engineer,Data Engineer
"Data Engineer (Hybrid, Raleigh, NC, US)",Data Engineer
Azure and Databricks Cloud Data Engineer,Data Engineer
Data Science II (Growth),Data Scientist
"Data Scientist, Product Analytics",Data Scientist
"Data Scientist, Decisions - Lyft Business",Data Scientist
Data Scientist I,Data Scientist
"Data Scientist, Human Data",Data Scientist
NLP Machine Learning Engineer,Machine Learning Engineer
"Business Data Scientist, Global Business Strategy and Operations",Data Scientist
"Data Scientist, Algorithms, Integrity & Identity",Data Scientist
Data Scientist - New Grad (2025 Start),Data Scientist
AI Research Scientist,AI/ML
Senior Data Scientist - Strategy & Insights,Data Scientist
Junior Data Scientist,Data Scientist
"Staff Data Scientist, Strategy & Insights",Data Scientist
AI/ML Data Scientist,AI/ML
Senior Machine Learning Engineer,Machine Learning Engineer
"Data Scientist, Game Analytics",Data Scientist
Data Science,Data Scientist
Data Scientist 2,Data Scientist
Senior Data Scientist,Data Scientist
Data Science Graduate (TikTok-Product-Data Science) - 2025 Start (MS),Data Scientist
"Data Scientist, Product",Data Scientist
Jr. Data Scientist AI,AI/ML
"Senior, Data Scientist",Data Scientist
Data Scientist (New York),Data Scientist
Research Scientist,Data Scientist
"Data Scientist, Model Risk Management",Data Scientist
Associate Data Scientist,Data Scientist
Data Scientist - Risk Analytics,Data Scientist
AI Scientist,AI/ML
Data Scientist/Architect - Intermediate,Data Scientist
Data Science Manager,Data Scientist
Research Engineer,Data Scientist
Data Scientist (IV) – Generative AI,AI/ML
Pro-Tem Data Scientist for the Ballmer Wellness Project,Data Scientist
Entry Level Software Developer (Remote),Others
Data Annotator - STEM (Remote),Data Governance
"T&D Data Scientist I, Salt Lake City, UT or Portland, OR 112795",Data Scientist
Geo Data Scientist,Data Scientist
Crypto Data Scientist / Machine Learning Engineer (Karachi-Remote),Data Scientist
Crypto Data Scientist / Machine Learning Engineer (Morocco -Remote),Data Scientist
Crypto Data Scientist / Machine Learning Engineer (Albania-Remote),Data Scientist
Crypto Data Scientist / Machine Learning Engineer (Ho Chi Minh -Remote),Data Scientist
Crypto Data Scientist / Machine Learning Engineer (Islamabad-Remote),Data Scientist
"Data Scientist, Algorithms, Fulfilment",Data Scientist
Data Scientist Graduate (Global E-Commerce-Data Science) - 2025 Start (BS/MS),Data Scientist
"Data Scientist, Decisions, Rider Experience",Data Scientist
Junior-level Data Scientist (SECRET CLEARANCE),Data Scientist
Data Scientist - All Levels,Data Scientist
"Job Opportunity - Data Science / Data Scientist - Gaithersburg, MD",Data Scientist
"Healthcare Data Scientist - Machine Learning/AI, Statistics, Operations Research",AI/ML
Data Scientist (Healthcare),Data Scientist
"Data Scientist / Senior Data Scientist, Analytics",Data Scientist
"Data Scientist - Hybrid - Chicago, IL",Data Scientist
AI/Machine Learning Engineer,AI/ML
Data Scientist II,Data Scientist
Data Scientist - Junior,Data Scientist
"Data Scientist, RWE Clinical Trials - Remote",Data Scientist
"Data Scientist / Quantitative Researcher, Systematic Trading",Data Scientist
"Scientist I/II, Data Science",Data Scientist
"Data Scientist II/ Senior Data Scientist I, High-throughput Assay Analytics",Data Scientist
Machine Learning Scientist,Data Scientist
Junior/Entry Level Data Scientist,Data Scientist
Biological Data Scientist,Data Scientist
"Data Scientist, Computational Biology",Data Scientist
Data Science Graduate,Data Scientist
Scientist– Artificial Intelligence/Machine Learning (AI/ML) for Human Health and Performance,AI/ML
Research Scientist - Optimization & Intelligent Robotics,Data Scientist
Machine Learning Researcher,Machine Learning Engineer
HR Data Scientist,Data Scientist
Machine Learning Engineer/Python,Machine Learning Engineer
ML Engineer-AI/ML- US,AI/ML
Senior Fraud Data Scientist,Data Scientist
Data Scientist / Statistician,Data Scientist
Principal Data Scientist (The Data Whisperer),Data Scientist
Data Scientist - Optimization,Data Scientist
Hybrid Work - Need ML Data Scientist in Malvern PA,AI/ML
"Research Scientist, LC-MS/MS",Data Scientist
"Principal Data Scientist, Consumer Experience",Data Scientist
Data Scientist (Division of Biostatistics),Data Scientist
Jr. Data Scientist,Data Scientist
Nuuly Data Scientist,Data Scientist
Enterprise Advanced Analytics Data Scientist,Data Scientist
Staff Data Scientist,Data Scientist
Machine Learning Developer,Machine Learning Engineer
Data Science ( Data Scientist ),Data Scientist
Data Science Scientist,Data Scientist
Field Data Scientist,Data Scientist
"Software Engineer, Full Stack - Slack (Multiple Levels)",Others
Business Analyst (Data Governance),Business Analyst
Business Systems Analyst,Business Analyst
Statistical Data and Information Analyst,Data Analyst
"Commercial Pharma Business Analyst I, Information Management",Business Analyst
Business Data Analyst: 24-02768,Data Analyst
Business Intelligence Analyst,Data Analyst
Data Analyst Intern (Global E-Commerce-Data Science-AMS Data Science) - 2025 Summer (BS/MS),Data Analyst
Junior Data Analyst,Data Analyst
Data Analyst,Data Analyst
Data Governance Manager,Data Governance
Data Governance- Regulatory Reporting Consultant - W2 Contract,Data Governance
Data Governance Project Manager,Data Governance
Data Governance Practice Lead,Data Governance
Data Governance Data Analyst,Data Analyst
Reporting Analyst,Data Analyst
Bi Analyst,Data Analyst
Business Intelligence Developer,Data Analyst
Junior Data Engineer,Data Engineer
Senior Business Intelligence Analyst (Fully Remote),Data Analyst
Business Intelligence Developer (On-Site),Data Analyst
"Senior Analyst, Fraud Analytics and Reporting",Data Analyst
Junior BI Analyst,Data Analyst
Sr. Data Reporting Analyst,Data Analyst
Jr. Software Engineer,Others
Dev10 Entry Level Data Engineer – Nationwide,Data Engineer
"Machine Learning Solutions Engineer, Cloud Learning Services",Machine Learning Engineer
Machine Learning Model Engineer,Machine Learning Engineer
Software Engineer (New Grad),Others
Machine Learning Engineer (Junior & New Grad),Machine Learning Engineer
"Software Engineer, Search",Others
"Machine Learning Engineer, Payment Intelligence",Machine Learning Engineer
"Machine Learning Engineer, Forecast Platform",Machine Learning Engineer
"Machine Learning Engineer, Typographic Intelligence",Machine Learning Engineer
Entry Level ML Engineer,Machine Learning Engineer
AI/ML Engineer - (Remote),AI/ML
Data Scientist/Analyst/Engineer - Entry/junior Level,Data Scientist
Marketing Analyst (Remote),Data Analyst
Financial Analyst,Data Analyst
"Manager, Business Intelligence",Data Analyst
Product Growth Analyst,Data Analyst
Junior Data Analyst with Power Bi (Local to CA) - W2,Data Analyst
Collibra Analyst,Business Analyst
Data Governance,Data Governance
"Business Analyst, Amazon Fresh Grocery",Business Analyst
"Business Analyst II, Planning and Operations, Shopbop",Business Analyst
"Business Analyst, Logistics, Shopbop",Business Analyst
"Business Analyst, Amazon Fresh",Business Analyst
Level 2 Business Analyst,Business Analyst
"Business Analyst, Pricing, Amazon Fresh Grocery Stores",Business Analyst
JR. Business Analyst - 100% REMOTE,Business Analyst
"Business Analyst, FP&A Systems Strategy and Enablement",Business Analyst
Business Analyst V,Business Analyst
Sr Business Analyst,Business Analyst
Sr. Business Analyst,Business Analyst
BA Analyst,Business Analyst
Business Analyst 2,Business Analyst
10737 - Business Process Analyst I,Business Analyst
Business Analyst,Business Analyst
Business Analyst - ADM,Business Analyst
PFML Business Analyst,Business Analyst
Certified Business Analyst,Business Analyst
Senior Business Analyst,Business Analyst
Senior Business Analyst - WT,Business Analyst
Business Analyst I,Business Analyst
Senior UI Business Analyst,Business Analyst
Business Process Analyst,Business Analyst
ServiceNow Business Analyst,Business Analyst
Business Analyst - Insurance Operations - REMOTE,Business Analyst
Business Process Analyst|3088,Business Analyst
Business Process Operational Analyst - Urgent Need,Business Analyst
Business Strategy Analyst,Business Analyst
Supply Chain Business Process Analyst,Business Analyst
Staff Business Process Analyst,Business Analyst
Business Analyst II,Business Analyst
"Sr. Business Analyst, Internal Consulting",Business Analyst
Business Process/Operational Analyst - Remote,Business Analyst
Business Process Analyst|3088 Business Process Analyst|3088,Business Analyst
Business Process/Operational Analyst,Business Analyst
Strategy Analyst,Data Analyst
Sales Strategy and Operations Senior Analyst,Data Analyst
JDE E1 Lead Business Analyst,Business Analyst
AI/ML Engineer,AI/ML
RESEARCH ANALYST II,Data Analyst
data engineer,Data Engineer
DATA SCIENTIST,Data Scientist
Business Process Analyst|3088  Business Process Analyst|3088,Business Analyst